{
    "@class": "com.kony.gen.viz.model.component.KVizButton",
    "DNDConfig": null,
    "__parentReadjusting__": false,
    "_height_": {
        "type": "string",
        "value": "50dp"
    },
    "_left_": {
        "type": "string",
        "value": "63dp"
    },
    "_margin_": [
        6,
        6,
        6,
        6
    ],
    "_padding_": [
        0,
        0,
        0,
        0
    ],
    "_skin_": "s7212adea3ca4a85a44de71f399732cc",
    "_text_": "Button",
    "_top_": {
        "type": "string",
        "value": "380dp"
    },
    "_width_": {
        "type": "string",
        "value": "260dp"
    },
    "canUpdateUI": true,
    "containerweight": 100,
    "contentalignment": 5,
    "displaytext": true,
    "focusskin": "s266098807df42a4a47cc675daa9b74a",
    "id": "Button0a6c002e738e34d",
    "info": null,
    "isvisible": true,
    "kuid": "ca6b4a1569d043b5be2a9f70141b7dd6",
    "name": "kony.ui.Button",
    "parent": "frmHome",
    "pf": "frmHome",
    "wType": "Button"
}