<properties>
    <attributes name="project.type" value="js"/>
    <attributes name="appversionkey" value="1.0.0"/>
    <attributes name="mwportkey" value="80"/>
    <attributes name="winmangotiletitlekey" value="SegCompare"/>
    <attributes name="sessionmanager" value="Http Session Manager"/>
    <attributes name="andtargetsdkkey" value="4.0"/>
    <attributes name="mwaddrkey" value="10.10.30.128"/>
    <attributes name="isNewAppWithRespectToAndroidPackageName" value="true"/>
    <attributes name="iphonebundleidentifierkey" value="com.kony.SegCompare"/>
    <attributes name="createdgaversion" value="7.0.0"/>
    <attributes name="win8displaynamekey" value="SegCompare"/>
    <attributes name="studiovizproject" value="true"/>
    <attributes name="build" value="debug"/>
    <attributes name="currentgaversion" value="7.0.1.GA_v201604262011"/>
    <attributes name="appidkey" value="SegCompare"/>
    <attributes name="ioscheckboxcorrection" value="true"/>
    <attributes name="mwhttpsportkey" value="443"/>
    <attributes name="apppackagekey" value="com.orgname.SegCompare"/>
    <attributes name="iosrespectimagesizecorrection" value="true"/>
    <attributes name="iostextboxpaddingcorrection" value="true"/>
    <attributes name="vendornamekey" value="KonyLabs"/>
    <attributes name="marginsincludedinwidgetcontainerweight" value="true"/>
    <attributes name="iospopuptransitioncorrection" value="true"/>
    <attributes name="appnamekey" value="SegCompare"/>
    <attributes name="win6xj2meonlysupported" value="false"/>
    <attributes name="APPLICATION_THEME" value="default"/>
    <attributes name="SELECTED_THEME" value="default"/>
    <attributes name="Server side mobile web" value="false"/>
    <attributes name="cloud_url" value="https://mobilefabric-demo.konycloud.com"/>
    <attributes name="cloud_env_name" value="Kony Cloud MobileFabric-MobileFabric"/>
    <attributes name="lastmodifiedtime" value="0"/>
    <attributes name="androidenablejsbindings" value="false"/>
    <attributes name="cloud_env_GUID" value=""/>
    <attributes name="cloud_account_id" value="100003520"/>
    <attributes name="cloud_account_guid" value="047da162-d5b8-4088-af89-0f280b71528e"/>
</properties>