{"appidkey":"Project043d43d317","mwaddrkey":"","export.type":"studioviz","isNewAppWithRespectToAndroidPackageName":"","defaulttheme":"defaultTheme","apppackagekey":"","appaddrkey":"","nativeContainerProperties":{"isEnableJSContainerAndroid":false,"isModified":true,"isEnableJSContaineriOS":false,"isEnableJSContainer":false},"appnamekey":"SegCompare","currentgaversion":"7.3.0","appversionkey":"1.0.0","project.type":"js","startupformkey":"frmCompare","vendornamekey":"KonyLabs","createdgaversion":"6.9.0","konyVizVersion":"7.3.0","winmobileguidkey":"","APPLICATION_THEME":"default","ide_appEvents":{"mobile":{"postappinit":"AS_AppEvents_1d1b8afa159a45209b6aacb6df5741fd"}},"build":"debug","mastersProperties":{"mastersVersion":"1.0.0"},"appmenu":{"tablet":{"data":[{"windows8":{"appBarButtonStyle":"No Style","position":"BOTTOM_LEFT"},"kuid":"a5d55b6b4db54363be3623d592937ebc","icon":{"default":"option1.png"},"id":"appmenuitemid1","title":"Item 1"},{"windows8":{"appBarButtonStyle":"No Style","position":"BOTTOM_LEFT"},"kuid":"b0f8852fc6da4b18a161891326c80f6f","icon":{"default":"option2.png"},"id":"appmenuitemid2","title":"Item 2"},{"windows8":{"appBarButtonStyle":"No Style","position":"BOTTOM_LEFT"},"kuid":"7dbca73f900c4a83ab05b99bfa9fec0f","icon":{"default":"option3.png"},"id":"appmenuitemid3","title":"Item 3"},{"windows8":{"appBarButtonStyle":"No Style","position":"BOTTOM_LEFT"},"kuid":"3bf5f0d3dc6145f1adaceb6e1a41d6c1","icon":{"default":"option4.png"},"id":"appmenuitemid4","title":"Item 4"}]},"desktop":{"data":[{"kuid":"120ff3b02702499686ca183f0cdb13db","icon":{"default":"option1.png"},"id":"appmenuitemid1","title":"Item 1"},{"kuid":"2c5104fb56b84960a6cf343f6ae49d84","icon":{"default":"option2.png"},"id":"appmenuitemid2","title":"Item 2"},{"kuid":"a314e2bfd5794f85a5003359042b6c12","icon":{"default":"option3.png"},"id":"appmenuitemid3","title":"Item 3"},{"kuid":"458395c9897141ecb67666851b624f5d","icon":{"default":"option4.png"},"id":"appmenuitemid4","title":"Item 4"}]},"focusskin":null,"osVersion":"iOS7","wType":"Appmenu","focusSkin":null,"context":{"channel":"mobile","platform":"iphone"},"mobile":{"data":[{"kuid":"2ee3981ef0a64926a3b8f148b56ccb35","icon":{"default":"option1.png"},"id":"appmenuitemid1","title":"Item 1"},{"kuid":"0f552410d923476190b2119a85fa9a14","icon":{"default":"option2.png"},"id":"appmenuitemid2","title":"Item 2"},{"kuid":"feca0ed97d7f4c70b106b50cb3fd6684","icon":{"default":"option3.png"},"id":"appmenuitemid3","title":"Item 3"},{"kuid":"60cf02961eed4499bcea2867ab8813ff","icon":{"default":"option4.png"},"id":"appmenuitemid4","title":"Item 4"}]},"skin":null,"osPlatform":""},"project_version":"sprint27","mwportkey":"","category":"app","createdVizVersion":"2.9.0","mwhttpsportkey":""}