{
    "splashScreen": {
        "mobile": {
            "iphone": {
                "splashImage": "splash.png"
            },
            "android": {},
            "winphone8": {},
            "spa": {},
            "spaip": {},
            "spaan": {},
            "spawinphone8": {}
        },
        "tablet": {
            "ipad": {
                "landscape": {
                    "splashImage": "splashland.png"
                },
                "splashImage": "splash.png"
            },
            "android": {},
            "windows8": {},
            "spa": {},
            "spaipad": {},
            "spaandroidtablet": {},
            "spawindowstablet": {},
            "windows10": {}
        },
        "desktop": {
            "desktopweb": {},
            "kiosk": {}
        }
    }
}