{
    "@class": "com.kony.gen.viz.model.component.KVizListBox",
    "DNDConfig": null,
    "__parentReadjusting__": false,
    "_height_": {
        "type": "string",
        "value": "40dp"
    },
    "_left_": {
        "type": "string",
        "value": "2dp"
    },
    "_margin_": [
        0,
        0,
        0,
        0
    ],
    "_padding_": [
        0,
        0,
        0,
        0
    ],
    "_skin_": "s26e03db4f0a433eb2c9314bb9c9dfe9",
    "_top_": {
        "type": "string",
        "value": "7dp"
    },
    "_width_": {
        "type": "string",
        "value": "95%"
    },
    "canUpdateUI": true,
    "containerweight": 100,
    "contentalignment": 4,
    "context": {
        "channel": "mobile",
        "formID": "frmCompare",
        "ispercent": "",
        "platform": "android",
        "templateType": "forms",
        "topLevelBox": null
    },
    "groupcells": false,
    "id": "listBoxCity2",
    "ide_onSelection": "AS_ListBox_e4542570a30c425f8d89d302627be303",
    "info": null,
    "isvisible": true,
    "kuid": "ce114c2ee6b748fd872651f55d8d90f9",
    "masterdata": [
        [
            "0",
            "Begaluru"
        ],
        [
            "1",
            "Delhi"
        ],
        [
            "2",
            "Hyderabad"
        ],
        [
            "3",
            "Mumbai"
        ]
    ],
    "name": "kony.ui.ListBox",
    "onselection": "AS_ListBox_e4542570a30c425f8d89d302627be303",
    "parent": "flxSelectCity2",
    "pf": "frmCompare",
    "selectedkey": "1",
    "selectedkeys": null,
    "selectedkeyvalue": [
        "1",
        "Delhi"
    ],
    "selectedkeyvalues": null,
    "size": 18,
    "viewconfig": {
        "toggleViewConfig": {
            "viewStyle": 0
        }
    },
    "viewtype": 0,
    "wType": "ListBox",
    "zindex": 1
}