{
    "@class": "com.kony.gen.viz.model.component.KVizTextBox2",
    "DNDConfig": null,
    "__parentReadjusting__": false,
    "_height_": {
        "type": "ref",
        "value": "preferred"
    },
    "_margin_": [
        0,
        0,
        0,
        0
    ],
    "_padding_": [
        3,
        0,
        0,
        0
    ],
    "_placeholder_": "",
    "_skin_": "sc73eebc9d5c428698893d261c77c8e3",
    "_text_": "TextBox2",
    "_width_": {
        "type": "ref",
        "value": "preferred"
    },
    "autocapitalize": "none",
    "autocomplete": false,
    "autocorrect": false,
    "autofilter": false,
    "canUpdateUI": true,
    "centerx": {
        "type": "string",
        "value": "50%"
    },
    "centery": {
        "type": "string",
        "value": "50%"
    },
    "containerheight": "",
    "containerheightmode": 1,
    "containerweight": 100,
    "contentalignment": 4,
    "id": "txtBoxCity",
    "info": null,
    "isvisible": false,
    "keyboardtype": "A",
    "kuid": "1a8a3c3a4d9d4410ae875ec3750f7214",
    "mode": "A",
    "name": "kony.ui.TextBox2",
    "parent": "flxSelectCity1",
    "pf": "frmCompare",
    "securetextentry": false,
    "textinputmode": "A",
    "viewtype": "default",
    "wType": "TextField",
    "zindex": 1
}