{
    "@class": "com.kony.gen.viz.model.component.KVizImage2",
    "DNDConfig": null,
    "__parentReadjusting__": false,
    "_base64_": null,
    "_height_": {
        "type": "string",
        "value": "80%"
    },
    "_left_": {
        "type": "string",
        "value": "4dp"
    },
    "_margin_": [
        0,
        0,
        0,
        0
    ],
    "_padding_": [
        0,
        0,
        0,
        0
    ],
    "_skin_": "s9103cc60c24480fb3d88356268bc906",
    "_src_": "back.png",
    "_width_": {
        "type": "ref",
        "value": "preferred"
    },
    "canUpdateUI": true,
    "centery": {
        "type": "string",
        "value": "50%"
    },
    "containerId": true,
    "containerweight": 100,
    "context": {
        "channel": "mobile",
        "platform": "android",
        "templateType": "headers",
        "topLevelBox": null
    },
    "id": "imgBack",
    "ide_onTouchEnd": "AS_Image_a4b75ed8bf49455ebaa2daccc7bbbeb2",
    "imagescalemode": 1,
    "info": null,
    "invokedProperty": "src",
    "isvisible": true,
    "kuid": "ed5af29a50524f32ac0e817693aa0f7c",
    "name": "kony.ui.Image2",
    "ontouchend": "AS_Image_a4b75ed8bf49455ebaa2daccc7bbbeb2",
    "parent": "flxHeaderDetails",
    "pf": "tempHeaderDetails",
    "srcType": 1,
    "wType": "Image",
    "widgetalignment": 5,
    "zindex": 10
}