{
    "AS_AppEvents_1d1b8afa159a45209b6aacb6df5741fd": {
        "id": "AS_AppEvents_1d1b8afa159a45209b6aacb6df5741fd",
        "type": "ACTION_SEQUENCE",
        "params": [{
            "datatype": "collection",
            "name": "eventobject"
        }],
        "language": "js",
        "actions": [{
            "id": "INVOKE_FUNCTION___3d0543aa28154cc8b40099f671aeeec0",
            "type": "INVOKE_FUNCTION",
            "sequenceKUID": "appInitModules",
            "display": "appInitModules",
            "inputparams": [],
            "parentId": null,
            "callbackType": null
        }]
    }
}