{
    "AS_Form_502726e068834984815d00da72d915be": {
        "id": "AS_Form_502726e068834984815d00da72d915be",
        "type": "ACTION_SEQUENCE",
        "params": [{
            "datatype": "collection",
            "name": "eventobject"
        }],
        "contextObj": {
            "name": "frmCompare",
            "type": "forms",
            "platform": "",
            "KUID": "9a3d9e2e0d7440e7ba6fa2f078d40aae"
        },
        "actions": [{
            "id": "INVOKE_FUNCTION___499ac4fac2cb4502b518f7924a6219a8",
            "type": "INVOKE_FUNCTION",
            "sequenceKUID": "setWeatherInfo2seg",
            "display": "setWeatherInfo2seg",
            "inputparams": [],
            "parentId": null,
            "callbackType": null
        }]
    }
}