{
    "AS_Form_1d5e79d8844c45e7a258b59e372c9183": {
        "id": "AS_Form_1d5e79d8844c45e7a258b59e372c9183",
        "type": "ACTION_SEQUENCE",
        "params": [{
            "datatype": "collection",
            "name": "eventobject"
        }],
        "contextObj": {
            "name": "frmCompare",
            "type": "forms",
            "platform": "",
            "KUID": "9a3d9e2e0d7440e7ba6fa2f078d40aae"
        },
        "language": "js",
        "actions": [{
            "id": "INVOKE_FUNCTION___c31339dad7584c51ad68874e3a8c9ab1",
            "type": "INVOKE_FUNCTION",
            "sequenceKUID": "setWeatherInfo2seg",
            "display": "setWeatherInfo2seg",
            "inputparams": [],
            "parentId": null,
            "callbackType": null
        }]
    }
}