{
    "AS_Image_a4b75ed8bf49455ebaa2daccc7bbbeb2": {
        "id": "AS_Image_a4b75ed8bf49455ebaa2daccc7bbbeb2",
        "type": "ACTION_SEQUENCE",
        "params": [{
            "datatype": "collection",
            "name": "eventobject"
        }, {
            "datatype": "string",
            "name": "x"
        }, {
            "datatype": "string",
            "name": "y"
        }],
        "contextObj": {
            "name": "tempHeaderDetails",
            "type": "templates",
            "platform": "",
            "KUID": "fed0811efe51445cbff1a5717c9c0ea2"
        },
        "language": "js",
        "actions": [{
            "id": "NAVIGATE_TO_FORM___be2d85dbaa3d47a1b64880579b4c8316",
            "type": "NAVIGATE_TO_FORM",
            "formId": "frmCompare",
            "formKUID": "9a3d9e2e0d7440e7ba6fa2f078d40aae",
            "mappings": {},
            "mappingsOrder": [],
            "parentId": "",
            "callbackType": null,
            "enableMappingEditor": true
        }]
    }
}