{
    "AS_ListBox_f435ea8f3a1b4c2bb8fd2c22551f36ae": {
        "id": "AS_ListBox_f435ea8f3a1b4c2bb8fd2c22551f36ae",
        "type": "ACTION_SEQUENCE",
        "params": [{
            "datatype": "collection",
            "name": "eventobject"
        }],
        "contextObj": {
            "name": "frmCompare",
            "type": "forms",
            "platform": "",
            "KUID": "9a3d9e2e0d7440e7ba6fa2f078d40aae"
        },
        "language": "js",
        "actions": [{
            "id": "INVOKE_FUNCTION___2f705e5b2a6b4cff9b2a0c7abb3a299c",
            "type": "INVOKE_FUNCTION",
            "sequenceKUID": "onListBox1Selection",
            "display": "onListBox1Selection",
            "inputparams": [],
            "parentId": null,
            "callbackType": null
        }]
    }
}