{
    "DNDConfig": null,
    "__parentReadjusting__": false,
    "_height_": {
        "type": "string",
        "value": "100%"
    },
    "_left_": {
        "type": "string",
        "value": "0dp"
    },
    "_margin_": [
        0,
        0,
        0,
        0
    ],
    "_orientation_": 6,
    "_padding_": [
        0,
        0,
        0,
        0
    ],
    "_percent_": true,
    "_skin_": "s420325ec81e4f7a9a8459974812e3a8",
    "_width_": {
        "type": "string",
        "value": "30%"
    },
    "allboxes": [],
    "autogrowmode": 0,
    "canUpdateUI": true,
    "centery": {
        "type": "string",
        "value": "50%"
    },
    "children": [
        "lblMinTempText",
        "lblMinTempVal"
    ],
    "clipbounds": true,
    "containerweight": 100,
    "enablescrolling": true,
    "id": "flxMinTemp",
    "info": null,
    "isvisible": true,
    "kuid": "3ab73f51b1244dd59a82936f2360c518",
    "layouttype": 3,
    "name": "kony.ui.FlexContainer",
    "parent": "flxTemp",
    "pf": "frmWeatherDetails",
    "snapgridsize": 10,
    "snaptogrid": true,
    "wType": "FlexContainer",
    "widgetalignment": 1,
    "zindex": 1
}