{
    "DNDConfig": null,
    "__parentReadjusting__": false,
    "_height_": {
        "type": "string",
        "value": "55dp"
    },
    "_left_": {
        "type": "string",
        "value": "3%"
    },
    "_margin_": [
        0,
        0,
        0,
        0
    ],
    "_orientation_": 6,
    "_padding_": [
        0,
        0,
        0,
        0
    ],
    "_percent_": true,
    "_skin_": "s420325ec81e4f7a9a8459974812e3a8",
    "_top_": {
        "type": "string",
        "value": "280dp"
    },
    "_width_": {
        "type": "string",
        "value": "97%"
    },
    "allboxes": [],
    "autogrowmode": 0,
    "canUpdateUI": true,
    "children": [
        "lblPressure",
        "lblPressureVal"
    ],
    "clipbounds": true,
    "containerweight": 100,
    "enablescrolling": true,
    "id": "flxWindPressure",
    "info": null,
    "isvisible": true,
    "kuid": "fe248a2493a5482a8e7dfa3ccec249ae",
    "layouttype": 3,
    "name": "kony.ui.FlexContainer",
    "parent": "frmWeatherDetails",
    "pf": "frmWeatherDetails",
    "snapgridsize": 10,
    "snaptogrid": true,
    "wType": "FlexContainer",
    "widgetalignment": 1,
    "zindex": 1
}