{
    "@class": "com.kony.gen.viz.model.component.KVizImage2",
    "DNDConfig": null,
    "__parentReadjusting__": false,
    "_base64_": null,
    "_height_": {
        "type": "string",
        "value": "30dp"
    },
    "_left_": {
        "type": "string",
        "value": "0dp"
    },
    "_margin_": [
        0,
        0,
        0,
        0
    ],
    "_padding_": [
        0,
        0,
        0,
        0
    ],
    "_skin_": "s9103cc60c24480fb3d88356268bc906",
    "_src_": "clock.png",
    "_top_": {
        "type": "string",
        "value": "0dp"
    },
    "_width_": {
        "type": "string",
        "value": "35dp"
    },
    "canUpdateUI": true,
    "centery": {
        "type": "string",
        "value": "50%"
    },
    "containerweight": 100,
    "context": {
        "channel": "mobile",
        "formID": "frmWeatherDetails",
        "platform": "iphone",
        "templateType": "forms",
        "topLevelBox": null
    },
    "id": "imgTimeIcon",
    "imagescalemode": 1,
    "info": null,
    "invokedProperty": "src",
    "isvisible": true,
    "kuid": "b131c8c5153e4091a93279f9f21987ef",
    "name": "kony.ui.Image2",
    "parent": "flxTime",
    "pf": "frmWeatherDetails",
    "srcType": 1,
    "wType": "Image",
    "widgetalignment": 5
}