{
    "@class": "com.kony.gen.viz.model.component.KVizImage2",
    "DNDConfig": null,
    "__parentReadjusting__": false,
    "_base64_": null,
    "_height_": {
        "type": "string",
        "value": "65dp"
    },
    "_margin_": [
        0,
        0,
        0,
        0
    ],
    "_padding_": [
        0,
        0,
        0,
        0
    ],
    "_skin_": "s9103cc60c24480fb3d88356268bc906",
    "_src_": "imagedrag.png",
    "_top_": {
        "type": "string",
        "value": "105dp"
    },
    "_width_": {
        "type": "string",
        "value": "150dp"
    },
    "canUpdateUI": true,
    "centerx": {
        "type": "string",
        "value": "50%"
    },
    "containerweight": 100,
    "context": {
        "channel": "mobile",
        "formID": "frmWeatherDetails",
        "platform": "iphone",
        "templateType": "forms",
        "topLevelBox": null
    },
    "id": "imgWeatherIcon",
    "imagescalemode": 1,
    "info": null,
    "isvisible": true,
    "kuid": "ca28ca02c4a24ea9b1ada5515f09ff0d",
    "name": "kony.ui.Image2",
    "parent": "frmWeatherDetails",
    "pf": "frmWeatherDetails",
    "srcType": 1,
    "wType": "Image",
    "widgetalignment": 5,
    "zindex": 1
}