{
    "DNDConfig": null,
    "_height_": {
        "type": "string",
        "value": "100dp"
    },
    "_margin_": [
        0,
        0,
        0,
        0
    ],
    "_orientation_": 6,
    "_padding_": [
        0,
        0,
        0,
        0
    ],
    "_percent_": true,
    "_skin_": "s420325ec81e4f7a9a8459974812e3a8",
    "allboxes": [],
    "autogrowmode": 0,
    "canUpdateUI": true,
    "children": [
        "flxData1",
        "lblLine",
        "flxData2"
    ],
    "clipbounds": true,
    "containerId": true,
    "containerweight": 100,
    "enablescrolling": true,
    "id": "flxRow",
    "info": null,
    "isTemplate": true,
    "isvisible": true,
    "kuid": "da916534d46a4045bd4c1c4a3073ce22",
    "layouttype": 3,
    "name": "kony.ui.FlexContainer",
    "parent": "tempSegRow",
    "pf": "tempSegRow",
    "snapgridsize": 10,
    "snaptogrid": true,
    "wType": "FlexContainer",
    "widgetalignment": 1
}