{
    "DNDConfig": null,
    "__parentReadjusting__": false,
    "_height_": {
        "type": "ref",
        "value": "preferred"
    },
    "_left_": {
        "type": "string",
        "value": "10%"
    },
    "_margin_": [
        0,
        0,
        0,
        0
    ],
    "_orientation_": 6,
    "_padding_": [
        0,
        0,
        0,
        0
    ],
    "_percent_": true,
    "_skin_": "s420325ec81e4f7a9a8459974812e3a8",
    "_top_": {
        "type": "string",
        "value": "1dp"
    },
    "_width_": {
        "type": "string",
        "value": "40%"
    },
    "allboxes": [],
    "autogrowmode": 1,
    "canUpdateUI": true,
    "children": [
        "flexTemp2",
        "flxSpeed2",
        "flexHumidity2"
    ],
    "clipbounds": true,
    "containerId": true,
    "containerweight": 100,
    "enablescrolling": true,
    "id": "flxWeatherInfo2",
    "info": null,
    "isvisible": true,
    "kuid": "5a765a5b7eed457b88b9e8e872aa46f0",
    "layouttype": 4,
    "name": "kony.ui.FlexContainer",
    "parent": "flxData2",
    "pf": "tempSegRow",
    "snapgridsize": 10,
    "snaptogrid": true,
    "wType": "FlexContainer",
    "widgetalignment": 1,
    "zindex": 1
}