{
    "@class": "com.kony.gen.viz.model.component.KVizImage2",
    "DNDConfig": null,
    "__parentReadjusting__": false,
    "_base64_": null,
    "_height_": {
        "type": "string",
        "value": "25dp"
    },
    "_left_": {
        "type": "string",
        "value": "1dp"
    },
    "_margin_": [
        0,
        0,
        0,
        0
    ],
    "_padding_": [
        0,
        0,
        0,
        0
    ],
    "_skin_": "s9103cc60c24480fb3d88356268bc906",
    "_src_": "humidity.png",
    "_top_": {
        "type": "string",
        "value": "3dp"
    },
    "_width_": {
        "type": "string",
        "value": "25dp"
    },
    "canUpdateUI": true,
    "containerId": true,
    "containerweight": 100,
    "context": {
        "channel": "mobile",
        "platform": "android",
        "templateType": "segments",
        "topLevelBox": null
    },
    "id": "imgHumidity",
    "imagescalemode": 1,
    "info": null,
    "invokedProperty": "src",
    "isvisible": true,
    "kuid": "dd4baee0a1b04dc08264ab4512970d63",
    "name": "kony.ui.Image2",
    "parent": "flexHumidity",
    "pf": "tempSegRow",
    "srcType": 1,
    "wType": "Image",
    "widgetalignment": 5
}