{
    "@class": "com.kony.gen.viz.model.component.KVizImage2",
    "DNDConfig": null,
    "__parentReadjusting__": false,
    "_base64_": null,
    "_height_": {
        "type": "string",
        "value": "60dp"
    },
    "_left_": {
        "type": "string",
        "value": "0dp"
    },
    "_margin_": [
        0,
        0,
        0,
        0
    ],
    "_padding_": [
        0,
        0,
        0,
        0
    ],
    "_skin_": "s9103cc60c24480fb3d88356268bc906",
    "_src_": "imagedrag.png",
    "_top_": {
        "type": "string",
        "value": "0dp"
    },
    "_width_": {
        "type": "string",
        "value": "80dp"
    },
    "canUpdateUI": true,
    "containerId": true,
    "containerweight": 100,
    "context": {
        "channel": "mobile",
        "platform": "android",
        "templateType": "segments",
        "topLevelBox": null
    },
    "id": "imgIcon",
    "imagescalemode": 1,
    "info": null,
    "isvisible": true,
    "kuid": "1493bfdf9c4c448fbf2f55137156b898",
    "name": "kony.ui.Image2",
    "parent": "flxImg",
    "pf": "tempSegRow",
    "srcType": 1,
    "wType": "Image",
    "widgetalignment": 5,
    "zindex": 1
}